"Kingdom"	"Phylum"	"Class"	"Order"	"Family"	"Genus"	"Species"
"TACGGAGGGTGCAAGCGTTAATCGGAATTACTGGGCGTAAAGCGCACGCAGGCGGTTTGTTAAGTCAGATGTGAAATCCCCGGGCTCAACCTGGGAACTGCATCTGATACTGGCAAGCTTGAGTCTCGTAGAGGGGGGTAGAATTCCAGGTGTAGCGGTGAAATGCGTAGAGATCTGGAGGAATACCGGTGGCGAAGGCGGCCCCCTGGACGAAGACTGACGCTCAGGTGCGAAAGCGTGGGGAGCAAACAGG"	"Bacteria"	"Proteobacteria"	"Gammaproteobacteria"	"Enterobacteriales"	"Enterobacteriaceae"	"Escherichia/Shigella"	NA
"TACGTAGGGGGCAAGCGTTATCCGGATTTACTGGGTGTAAAGGGAGCGTAGACGGCATGGCAAGCCAGATGTGAAAGCCCGGGGCTCAACCCCGGGACTGCATTTGGAACTGTCAGGCTAGAGTGTCGGAGAGGAAAGCGGAATTCCTAGTGTAGCGGTGAAATGCGTAGATATTAGGAGGAACACCAGTGGCGAAGGCGGCTTTCTGGACGATGACTGACGTTGAGGCTCGAAAGCGTGGGGAGCAAACAGG"	"Bacteria"	"Firmicutes"	"Clostridia"	"Clostridiales"	"Lachnospiraceae"	NA	NA
"TACGGAGGATCCGAGCGTTATCCGGATTTATTGGGTTTAAAGGGAGCGTAGGTGGATTGTTAAGTCAGTTGTGAAAGTTTGCGGCTCAACCGTAAAATTGCAGTTGAAACTGGCAGTCTTGAGTACAGTAGAGGTGGGCGGAATTCGTGGTGTAGCGGTGAAATGCTTAGATATCACGAAGAACTCCGATTGCGAAGGCAGCTCACTAGACTGTTACTGACACTGATGCTCGAAAGTGTGGGTATCAAACAGG"	"Bacteria"	"Bacteroidetes"	"Bacteroidia"	"Bacteroidales"	"Bacteroidaceae"	"Bacteroides"	NA
"TACGGAGGATCCGAGCGTTATCCGGATTTATTGGGTTTAAAGGGAGCGTAGGCGGACGCTTAAGTCAGTTGTGAAAGTTTGCGGCTCAACCGTAAAATTGCAGTTGATACTGGGTGTCTTGAGTACAGTAGAGGCAGGCGGAATTCGTGGTGTAGCGGTGAAATGCTTAGATATCACGAAGAACTCCGATTGCGAAGGCAGCTTGCTGGACTGTAACTGACGCTGATGCTCGAAAGTGTGGGTATCAAACAGG"	"Bacteria"	"Bacteroidetes"	"Bacteroidia"	"Bacteroidales"	"Bacteroidaceae"	"Bacteroides"	"uniformis"
"TACGTATGGTGCAAGCGTTATCCGGATTTACTGGGTGTAAAGGGAGCGTAGACGGTTGTGTAAGTCTGATGTGAAAGCCCGGGGCTCAACCCCGGGACTGCATTGGAAACTATGTAACTAGAGTGTCGGAGAGGTAAGCGGAATTCCTAGTGTAGCGGTGAAATGCGTAGATATTAGGAGGAACACCAGTGGCGAAGGCGGCTTACTGGACGATCACTGACGTTGAGGCTCGAAAGCGTGGGGAGCAAACAGG"	"Bacteria"	"Firmicutes"	"Clostridia"	"Clostridiales"	"Lachnospiraceae"	"Tyzzerella_4"	"nexilis"
"TACGTAGGGGGCAAGCGTTATCCGGATTTACTGGGTGTAAAGGGAGCGTAGACGGTGTGGCAAGTCTGATGTGAAAGGCATGGGCTCAACCTGTGGACTGCATTGGAAACTGTCATACTTGAGTGCCGGAGGGGTAAGCGGAATTCCTAGTGTAGCGGTGAAATGCGTAGATATTAGGAGGAACACCAGTGGCGAAGGCGGCTTACTGGACGGTAACTGACGTTGAGGCTCGAAAGCGTGGGGAGCAAACAGG"	"Bacteria"	"Firmicutes"	"Clostridia"	"Clostridiales"	"Lachnospiraceae"	"Blautia"	NA
"TACGTAGGGGGCAAGCGTTATCCGGAATTACTGGGTGTAAAGGGTGCGTAGGTGGTATGGCAAGTCAGAAGTGAAAACCCAGGGCTTAACTCTGGGACTGCTTTTGAAACTGTCAGACTGGAGTGCAGGAGAGGTAAGCGGAATTCCTAGTGTAGCGGTGAAATGCGTAGATATTAGGAGGAACATCAGTGGCGAAGGCGGCTTACTGGACTGAAACTGACACTGAGGCACGAAAGCGTGGGGAGCAAACAGG"	"Bacteria"	"Firmicutes"	"Clostridia"	"Clostridiales"	"Lachnospiraceae"	"Anaerostipes"	"hadrus"
"TACGTAGGGGGCAAGCGTTATCCGGATTTACTGGGTGTAAAGGGAGCGTAGACGGTGTTGCAAGTCTGATGTGAAAGGCGGGGGCTCAACCCCTGGACTGCATTGGAAACTGTGATACTCGAGTGCCGGAGAGGTAAGCGGAATTCCTAGTGTAGCGGTGAAATGCGTAGATATTAGGAGGAACACCAGTGGCGAAGGCGGCTTACTGGACGGTAACTGACGTTGAGGCTCGAAAGCGTGGGGAGCAAACAGG"	"Bacteria"	"Firmicutes"	"Clostridia"	"Clostridiales"	"Lachnospiraceae"	"Blautia"	NA
"TACGGAGGATCCGAGCGTTATCCGGATTTATTGGGTTTAAAGGGAGCGTAGGCGGGTTGTTAAGTCAGTTGTGAAAGTTTGCGGCTCAACCGTAAAATTGCAGTTGATACTGGCGACCTTGAGTGCAACAGAGGTAGGCGGAATTCGTGGTGTAGCGGTGAAATGCTTAGATATCACGAAGAACTCCGATTGCGAAGGCAGCTTACTGGATTGTAACTGACGCTGATGCTCGAAAGTGTGGGTATCAAACAGG"	"Bacteria"	"Bacteroidetes"	"Bacteroidia"	"Bacteroidales"	"Bacteroidaceae"	"Bacteroides"	NA
"TACGGAGGATCCGAGCGTTATCCGGATTTATTGGGTTTAAAGGGAGCGTAGGCGGACGCTTAAGTCAGTTGTGAAAGTTTGCGGCTCAACCGTAAAATTGCAGTTGATACTGGGTGTCTTGAGTACAGTAGAGGCAGGCGGAATTCGTGGTGTAGCGGTGAAATGCTTAGATATCACGAAGAACTCCGATTGCGAAGGCAGCCTGCTGGACTGTAACTGACGCTGATGCTCGAAAGTGTGGGTATCAAACAGG"	"Bacteria"	"Bacteroidetes"	"Bacteroidia"	"Bacteroidales"	"Bacteroidaceae"	"Bacteroides"	"uniformis"
"TACGTAGGGTCCAAGCGTTATCCGGATTTACTGGGTGTAAAGGGCGAGTAGACGGCATAGCAAGTCAGATGTGAAAACTTAGAGCTCAACTTTAAGACTGCATCTGAAACTGTTAAGCTAGAGTGCAGAAGAGGTAAGTGGAATTCCTAGTGTAGCGGTGAAATGCGTAGATATTAGGAGGAACACCAGTGGCGAAGGCGACTTACTGGGCTGTAACTGACGTTGAGGAGCGAAAGTGTGGGGAGCAAACAGG"	"Bacteria"	"Firmicutes"	"Clostridia"	"Clostridiales"	"Lachnospiraceae"	"Lachnospiraceae_NC2004_group"	NA
"TACGGAGGGTGCAAGCGTTACCCGGAATCACTGGGCGTAAAGGGCGTGTAGGCGGAAATTTAAGTCTGGTTTTAAAGACCGGGGCTCAACCTCGGGGATGGACTGGATACTGGATTTCTTGACCTCTGGAGAGGTAACTGGAATTCCTGGTGTAGCGGTGGAATGCGTAGATACCAGGAGGAACACCAATGGCGAAGGCAAGTTACTGGACAGAAGGTGACGCTGAGGCGCGAAAGTGTGGGGAGCAAACCGG"	"Bacteria"	"Deinococcus-Thermus"	"Deinococci"	"Deinococcales"	"Deinococcaceae"	"Deinococcus"	"radiodurans"
"TACGTAGGGGGCAAGCGTTATCCGGATTTACTGGGTGTAAAGGGAGCGTAGACGGCGACGCAAGTCTGGAGTGAAAGCCCGGGGCCCAACCCCGGGACTGCTTTGGAAACTGTGCTGCTGGAGTGCAGGAGAGGTAAGTGGAATTCCTAGTGTAGCGGTGAAATGCGTAGATATTAGGAGGAACACCAGTGGCGAAGGCGGCTTACTGGACTGTAACTGACGTTGAGGCTCGAAAGCGTGGGGAGCAAACAGG"	"Bacteria"	"Firmicutes"	"Clostridia"	"Clostridiales"	"Lachnospiraceae"	NA	NA
"TACGTATGGTGCAAGCGTTATCCGGATTTACTGGGTGTAAAGGGAGCGCAGGCGGTACGGCAAGTCTGATGTGAAATCCCGGGGCTCAACCCCGGTACTGCATTGGAAACTGTCGGACTAGAGTGTCGGAGGGGTAAGTGGAATTCCTAGTGTAGCGGTGAAATGCGTAGATATTAGGAGGAACACCAGTGGCGAAGGCGGCTTACTGGACGATTACTGACGCTGAGGCTCGAAAGCGTGGGGAGCAAACAGG"	"Bacteria"	"Firmicutes"	"Clostridia"	"Clostridiales"	"Lachnospiraceae"	"Roseburia"	"hominis"
"TACGTAGGTGGCGAGCGTTATCCGGATTTACTGGGCGTAAAGGGAGCGTAGGCGGATGATTAAGTGGGATGTGAAATACCCGGGCTCAACTTGGGTGCTGCATTCCAAACTGGTTATCTAGAGTGCAGGAGAGGAGAGTGGAATTCCTAGTGTAGCGGTGAAATGCGTAGAGATTAGGAAGAACACCAGTGGCGAAGGCGACTCTCTGGACTGTAACTGACGCTGAGGCTCGAAAGCGTGGGGAGCAAACAGG"	"Bacteria"	"Firmicutes"	"Clostridia"	"Clostridiales"	"Clostridiaceae_1"	"Clostridium_sensu_stricto_1"	NA
"TACGTAGGGAGCGAGCGTTGTCCGGAATGACTGGGTGTAAAGGGAGCGTAGGCGGGATGGCAAGTCAGATGTGAAACCTGAGGGCTCAACCTTCAGACTGCATTTGAAACTGCTGTTCTTGAGTGAAGTAGAGGTAAGCGGAATTCCTGGTGTAGCGGTGAAATGCGTAGAGATCAGGAGGAACATCGGTGGCGAAGGCGGCTTACTGGGCTTTTACTGACGCTGAGGCTCGAAAGCGTGGGGAGCAAACAGG"	"Bacteria"	"Firmicutes"	"Clostridia"	"Clostridiales"	"Ruminococcaceae"	"Ruminococcus_1"	NA
"TACGTATGGTGCAAGCGTTATCCGGATTTACTGGGTGTAAAGGGAGCGCAGGCGGTGCGGCAAGTCTGATGTGAAAGCCCGGGGCTCAACCCCGGTACTGCATTGGAAACTGTCGTACTAGAGTGTCGGAGGGGTAAGTGGAATTCCTAGTGTAGCGGTGAAATGCGTAGATATTAGGAGGAACACCAGTGGCGAAGGCGGCTTACTGGACGATAACTGACGCTGAGGCTCGAAAGCGTGGGGAGCAAACAGG"	"Bacteria"	"Firmicutes"	"Clostridia"	"Clostridiales"	"Lachnospiraceae"	"Roseburia"	"faecis"
"TACGTAGGGGGCAAGCGTTATCCGGATTTACTGGGTGTAAAGGGAGCGTAGACGGTTTTGCAAGTCTGAAGTGAAAGCCCGGGGCTTAACCCCGGGACTGCTTTGGAAACTGTAGGACTAGAGTGCAGGAGAGGTAAGTGGAATTCCTAGTGTAGCGGTGAAATGCGTAGATATTAGGAGGAACACCAGTGGCGAAGGCGGCTTACTGGACTGTAACTGACGTTGAGGCTCGAAAGCGTGGGGAGCAAACAGG"	"Bacteria"	"Firmicutes"	"Clostridia"	"Clostridiales"	"Lachnospiraceae"	"Lachnospiraceae_NK4A136_group"	NA
"TACGTAGGGGGCAAGCGTTATCCGGATTTACTGGGTGTAAAGGGTGCGTAGGTGGCAAGGCAAGTCAGATGTGAAAGCCCGGGGCTCAACCCCGGTACTGCATTTGAAACTGTCTAGCTAGAGTGCAGGAGAGGTAAGCGGAATTCCTAGTGTAGCGGTGAAATGCGTAGATATTAGGAGGAACACCAGTGGCGAAGGCGGCTTACTGGACTGTAACTGACACTGAGGCACGAAAGCGTGGGGAGCAAACAGG"	"Bacteria"	"Firmicutes"	"Clostridia"	"Clostridiales"	"Lachnospiraceae"	NA	NA
"TACGTAGGGGGCAAGCGTTATCCGGATTTACTGGGTGTAAAGGGAGCGTAGACGGCGCTGCAAGTCTGAAGTGAAAGCCCGGGGCTCAACCCCGGGACTGCTTTGGAAACTGTAATGCTAGAGTGCTGGAGAGGTAAGTGGAATTCCTAGTGTAGCGGTGAAATGCGTAGATATTAGGAGGAACACCAGTGGCGAAGGCGGCTTACTGGACAGTAACTGACGTTGAGGCTCGAAAGCGTGGGGAGCAAACAGG"	"Bacteria"	"Firmicutes"	"Clostridia"	"Clostridiales"	"Lachnospiraceae"	"Lachnoclostridium"	NA
"TACGTAGGGAGCGAGCGTTGTCCGGAATTACTGGGTGTAAAGGGAGCGTAGGCGGGATGCCAAGTAGAATGTTAAATCCATCGGCTCAACTGGTGGCAGCGTTCTAAACTGGCGTTCTTGAGTGAGGTAGAGGCAGGCGGAATTCCTAGTGTAGCGGTGAAATGCGTAGATATTAGGAGGAACACCAGTGGCGAAGGCGGCCTGCTGGGCCTTAACTGACGCTGAGGCTCGAAAGCGTGGGGAGCAAACAGG"	"Bacteria"	"Firmicutes"	"Clostridia"	"Clostridiales"	"Ruminococcaceae"	"Anaerotruncus"	NA
"AACGTAGGTGGCAAGCGTTGTCCGGAATTACTGGGTGTAAAGGGAGCGCAGGCGGGTCTGCAAGTTGGAAGTGAAACTCATGGGCTCAACCCATGAACTGCTTTCAAAACTGCGGATCTTGAGTGGTGTAGAGGTAGGCGGAATTCCCGGTGTAGCGGTGGAATGCGTAGATATCGGGAGGAACACCAGTGGCGAAGGCGGCCTACTGGGCACTAACTGACGCTGAGGCTCGAAAGCATGGGTAGCAAACAGG"	"Bacteria"	"Firmicutes"	"Clostridia"	"Clostridiales"	"Ruminococcaceae"	NA	NA
"TACGTAGGGGGCAAGCGTTATCCGGATTTACTGGGTGTAAAGGGAGCGCAGGCGGATGGCTAAGTCTGATGTGAAAGCCCGGGGCTCAACCCCGGGACTGCATTGGAAACTGGTTATCTTGAGTGTCGGAGAGGTAAGTGGAATTCCTAGTGTAGCGGTGAAATGCGTAGATATTAGGAGGAACACCAGTGGCGAAGGCGGCTTACTGGACGACAACTGACGCTGAGGCTCGAAAGCGTGGGGAGCAAACAGG"	"Bacteria"	"Firmicutes"	"Clostridia"	"Clostridiales"	"Lachnospiraceae"	"Roseburia"	NA
"TACGTAGGGAGCAAGCGTTGTCCGGAATTACTGGGTGTAAAGGGAGCGTAGGCGGGATGGCAAGTAGAATGTTAAATCCATCGGCTCAACCGGTGGCTGCGTTCTAAACTGCCGTTCTTGAGTGAAGTAGAGGCAGGCGGAATTCCTAGTGTAGCGGTGAAATGCGTAGATATTAGGAGGAACACCAGTGGCGAAGGCGGCCTGCTGGGCTTTAACTGACGCTGAGGCTCGAAAGCGTGGGGAGCAAACAGG"	"Bacteria"	"Firmicutes"	"Clostridia"	"Clostridiales"	"Ruminococcaceae"	"Anaerotruncus"	"colihominis"
"TACGTAGGGAGCGAGCGTTGTCCGGAATTACTGGGTGTAAAGGGAGCGTAGGCGGGATGGCAAGTCAGATGTGAAAACTATGGGCTCAACCCATAGACTGCATTTGAAACTGTTGTTCTTGAGTGAGGTAGAGGTAAGCGGAATTCCTGGTGTAGCGGTGAAATGCGTAGAGATCAGGAGGAACATCGGTGGCGAAGGCGGCTTACTGGGCCTTTACTGACGCTGAGGCTCGAAAGCGTGGGGAGCAAACAGG"	"Bacteria"	"Firmicutes"	"Clostridia"	"Clostridiales"	"Ruminococcaceae"	"Ruminococcus_1"	"callidus"
"TACGTAGGGGGCAAGCGTTATCCGGATTTACTGGGTGTAAAGGGAGCGTAGACGGCATGGCAAGCCAGATGTGAAAGCCCGGGGCTCAACCCCGGGACTGCATTTGGAACTGTCAGGCTAGAGTGTCGGAGAGGAAAGCGGAATTCCTAGTGTAGCGGTGAAATGCGTAGATATTAGGAGGAACACCAGTGGCGAAGGCGGTTTTCTGGACGATGACTGACGTTGAGGCTCGAAAGCGTGGGGAGCAAACAGG"	"Bacteria"	"Firmicutes"	"Clostridia"	"Clostridiales"	"Lachnospiraceae"	NA	NA
"TACGTATGGTGCAAGCGTTATCCGGATTTACTGGGTGTAAAGGGAGCGTAGACGGATAGGCAAGTCTGGAGTGAAAACCCAGGGCTCAACCTTGGGACTGCTTTGGAAACTGCAGATCTGGAGTGCCGGAGAGGTAAGCGGAATTCCTAGTGTAGCGGTGAAATGCGTAGATATTAGGAGGAACACCAGTGGCGAAGGCGGCTTACTGGACGGTGACTGACGTTGAGGCTCGAAAGCGTGGGGAGCAAACAGG"	"Bacteria"	"Firmicutes"	"Clostridia"	"Clostridiales"	"Lachnospiraceae"	"Sellimonas"	NA
"TACGTAGGGGGCAAGCGTTATCCGGATTTACTGGGTGTAAAGGGAGCGTAGACGGCATGGCAAGCCAGATGTGAAAGCCCGGGGCTCAACCCCGGGAGTGCATTTGGAACTGTCAGGCTAGAGTGTCGGAGAGGAAAGCGGAATTCCTAGTGTAGCGGTGAAATGCGTAGATATTAGGAGGAACACCAGTGGCGAAGGCGGCTTTCTGGACGATGACTGACGTTGAGGCTCGAAAGCGTGGGGAGCAAACAGG"	"Bacteria"	"Firmicutes"	"Clostridia"	"Clostridiales"	"Lachnospiraceae"	NA	NA
"TACGTAGGGGGCAAGCGTTATCCGGATTTACTGGGTGTAAAGGGAGCGTAGACGGCATGACAAGTCTGAAGTGAAAGCCCGGGGCTCAACCCCGGGACTGCTTTGGAAACTGCCAGGCTAGAGTGCAGGAGAGGTAAGTGGAATTCCTAGTGTAGCGGTGAAATGCGTAGATATTAGGAGGAACACCAGTGGCGAAGGCGGCTTACTGGACTGTAACTGACGTTGAGGCTCGAAAGCGTGGGGAGCAAACAGG"	"Bacteria"	"Firmicutes"	"Clostridia"	"Clostridiales"	"Lachnospiraceae"	NA	NA
"TACGTAGGTGGCAAGCGTTGTCCGGATTTACTGGGTGTAAAGGGCGTGTAGCCGGGAAGGCAAGTCAGATGTGAAATCTGGAGGCTCAACCTCCAAACTGCATTTGAAACTGTCTTTCTTGAGTATCGGAGAGGTCATCGGAATTCCTTGTGTAGCGGTGAAATGCGTAGATATAAGGAGGAACACCAGTGGCGAAGGCGGATGACTGGACGACAACTGACGGTGAGGCGCGAAAGCGTGGGGAGCAAACAGG"	"Bacteria"	"Firmicutes"	"Clostridia"	"Clostridiales"	"Ruminococcaceae"	"Oscillibacter"	NA
"TACGTAGGTGGCGAGCGTTGTCCGGAATTACTGGGCGTAAAGGGCGCGTAGGCGGATCGTTAAGTTGGACGAGAAATACCCCGGCTCAACTGGGGGGCGACGTCCAAAACTGGCGGACTAGAGTGCAGGAGAGGAAAGTAGAATTCCCAGTGTAGCGGTGAAATGCGTAGATATTGGGAGGAATACCGGTGGCGAAGGCGGCTTTCTGGACTGTAACTGACGCTGAGGCGCGAAAGCTGGGGGAGCGAACAGG"	"Bacteria"	"Firmicutes"	"Clostridia"	"Thermoanaerobacterales"	"Thermoanaerobacteraceae"	"Gelria"	NA
"TACGGAGGATGCGAGCGTTATCCGGATTTATTGGGTTTAAAGGGTGCGTAGGCGGTTTATTAAGTTAGTGGTTAAATGTTTGAGCTAAACTCAATACTGCCATTAATACTGGTAAACTGGAGTTCAGACGAGGTAGGCGGAATAAGTTAAGTAGCGGTGAAATGCATAGATATAACTTAGAACTCCGATAGCGAAGGCAGCTTACCAGACTGAAACTGACGCTGATGCACGAGAGCGTGGGTAGCGAACAGG"	"Bacteria"	"Bacteroidetes"	"Bacteroidia"	"Bacteroidales"	"Porphyromonadaceae"	"Odoribacter"	NA
"TACGTAGGGGGCGAGCGTTGTCCGGAATTACTGGGCGTAAAGGGCGCGCAGGCGGCCGATCAAGTCAGATGTGAAACCCCCGGGCTCAACCTGGGAACTGCATTTGAAACTGGTTGGCTTGAGTGCAGGAGAGGAAAGCGGAATTCCTAGTGTAGCGGTGAAATGCGTAGATATTAGGAAGAACACCAGTGGCGAAGGCGGCTTTCTGGACTGCAACTGACGCTGAGGCGCGAAAGCGTGGGGAGCGAACAGG"	"Bacteria"	"Firmicutes"	"Clostridia"	"Clostridiales"	NA	NA	NA
"TACGTAGGTGGCAAGCGTTGTCCGGATTTACTGGGTGTAAAGGGCGTGCAGCCGGGCTGGCAAGTCAGGCGTGAAATCCCAGGGCTCAACCCTGGAACTGCGTTTGAAACTGCTGGTCTTGAGTACCGGAGAGGTCATCGGAATTCCTTGTGTAGCGGTGAAATGCGTAGATATAAGGAAGAACACCAGTGGCGAAGGCGGATGACTGGACGGCAACTGACGGTGAGGCGCGAAAGCGTGGGGAGCAAACAGG"	"Bacteria"	"Firmicutes"	"Clostridia"	"Clostridiales"	"Ruminococcaceae"	"Oscillibacter"	NA
"TACGTAGGGGGCTAGCGTTATCCGGAATTACTGGGCGTAAAGGGTGCGTAGGTGGTTTCTTAAGTCAGAGGTGAAAGGCTACGGCTCAACCGTAGTAAGCCTTTGAAACTGAGAAACTTGAGTGCAGGAGAGGAGAGTAGAATTCCTAGTGTAGCGGTGAAATGCGTAGATATTAGGAGGAATACCAGTTGCGAAGGCGGCTCTCTGGACTGTAACTGACACTGAGGCACGAAAGCGTGGGGAGCAAACAGG"	"Bacteria"	"Firmicutes"	"Clostridia"	"Clostridiales"	"Peptostreptococcaceae"	"Romboutsia"	"sedimentorum"
"TACGTAGGGAGCGAGCGTTGTCCGGAATTACTGGGTGTAAAGGGAGCGTAGGCGGGACAGCAAGTTGAATGTGAAATCTATGGGCTCAACCCATAAACTGCGTTCAAAACTGTTGTTCTTGAGTGAAGTAGAGGTAGGCGGAATTCCTAGTGTAGCGGTGAAATGCGTAGATATTAGGAGGAACACCAGTGGCGAAGGCGGCCTACTGGGCTTTAACTGACGCTGAGGCTCGAAAGCGTGGGTAGCAAACAGG"	"Bacteria"	"Firmicutes"	"Clostridia"	"Clostridiales"	"Ruminococcaceae"	"Anaerotruncus"	NA
"TACGTAGGGGGCAAGCGTTATCCGGATTTACTGGGTGTAAAGGGAGCGTAGACGGAGCAGCAAGTCTGATGTGAAAGCCCGGGGCTCAACCCCGGGACTGCATTGGAAACTGTTGGACTAGAGTGCTGGAGAGGTAAGTGGAATTCCTAGTGTAGCGGTGAAATGCGTAGATATTAGGAGGAACACCAGTGGCGAAGGCGGCTTACTGGACAGTAACTGACGTTGAGGCTCGAAAGCGTGGGGAGCAAACAGG"	"Bacteria"	"Firmicutes"	"Clostridia"	"Clostridiales"	"Lachnospiraceae"	NA	NA
"TACGTAGGTGGCGAGCGTTATCCGGAATTATTGGGCGTAAAGGGTGCGCAGGCGGTTTGTTAAGTTTAAGGTGAAAGCGTGGGGCTTAACCCCATATAGCCTTAGAAACTGACAGACTAGAGTACAGGAGAGGGCAATGGAATTCCATGTGTAGCGGTAAAATGCGTAGATATATGGAGGAACACCAGTGGCGAAGGCGGTTGCCTGGCCTGTAACTGACGCTCATGCACGAAAGCGTGGGGAGCAAATAGG"	"Bacteria"	"Firmicutes"	"Erysipelotrichia"	"Erysipelotrichales"	"Erysipelotrichaceae"	"Holdemania"	"filiformis"
"TACGTAGGGAGCGAGCGTTGTCCGGAATTACTGGGTGTAAAGGGTGCGTAGGCGGGCAGTCAAGTCAGACGTGAAATCTATGGGCTTAACCCATAGTCTGCGTTTGAAACTGAATGTCTTGAGTGAAGTAGAGGTAAGCGGAATTCCCGGTGTAGCGGTGAAATGCGTAGAGATCGGGAGGAACACCAGTGGCGAAGGCGGCTTACTGGGCTTTTACTGACGCTGAGGCACGAAAGCATGGGTAGCAAACAGG"	"Bacteria"	"Firmicutes"	"Clostridia"	"Clostridiales"	"Ruminococcaceae"	NA	NA
"TACGTAGGTGGCAAGCGTTGTCCGGATTTACTGGGTGTAAAGGGCGTGTAGCCGGGCTTACAAGTCAGATGTGAAATCCGGGGGCTCAACCCCCGAACTGCATTTGAAACTGTAGGTCTTGAGTATCGGAGAGGCAGGCGGAATTCCTAGTGTAGCGGTGAAATGCGTAGATATTAGGAGGAACACCAGTGGCGAAGGCGGCCTGCTGGACGACAACTGACGGTGAGGCGCGAAAGCGTGGGGAGCAAACAGG"	"Bacteria"	"Firmicutes"	"Clostridia"	"Clostridiales"	"Ruminococcaceae"	"Ruminiclostridium"	NA
"TACGTAGGGAGCAAGCGTTGTCCGGATTCACTGGGCGTAAAGAGCACGTAGGCGGTTAATTAAGTCAGGTGTGAAAGTTTTCGGCTCAACCGGAAAAGTGCACTTGAAACTGGATAACTTGAGTATCGGAGAGGTAAGCGGAATTCCTAGTGTAGCGGTGAAATGCGTAGAGATTAGGAAGAACACCGGTGGCGAAGGCGGCTTACTGGACGATAACTGACGCTGAGGTGCGAAAGCGTGGGGAGCGAACAGG"	"Bacteria"	"Firmicutes"	"Clostridia"	"Clostridiales"	"Eubacteriaceae"	"Anaerofustis"	"stercorihominis"
"TACGTAGGGAGCAAGCGTTGTCCGGAATTACTGGGCGTAAAGGGTGCGTAGGCGGCGCAGTTAGTCAGAAGTGAAATATCGGGGCTTAACTCCGGGACTGCTTCTGATACTGCTGTGCTCGAGTGCAGGAGAGGTAAGTGGAATTCCTAGTGTAGCGGTGAAATGCGTAGATATTAGGAGGAACACCAGTGGCGAAGGCGACTTACTGGACTGTAACTGACGCTGAGGCACGAAAGCGTGGGTAGCAAACAGG"	"Bacteria"	"Firmicutes"	"Clostridia"	"Clostridiales"	"Christensenellaceae"	NA	NA
